Timestamp,User Count,Type,Name,Requests/s,Failures/s,50%,66%,75%,80%,90%,95%,98%,99%,99.9%,99.99%,100%,Total Request Count,Total Failure Count,Total Median Response Time,Total Average Response Time,Total Min Response Time,Total Max Response Time,Total Average Content Size
1788697531,0,,Aggregated,0.000000,0.000000,N/A,N/A,N/A,N/A,N/A,N/A,N/A,N/A,N/A,N/A,N/A,0,0,0,0.0,0,0,0
1788697532,5,,Aggregated,0.000000,0.000000,N/A,N/A,N/A,N/A,N/A,N/A,N/A,N/A,N/A,N/A,N/A,0,0,0,0.0,0,0,0
1788697533,10,,Aggregated,0.000000,0.000000,1800,1900,1900,1900,1900,1900,1900,1900,1900,1900,1900,5,0,1800,1662.9992665722966,1077.9164999257773,1882.9174999846146,38.0
1788697534,15,,Aggregated,0.000000,0.000000,1800,1800,1900,1900,1900,1900,1900,1900,1900,1900,1900,6,0,1700,1616.8112706509419,1077.9164999257773,1882.9174999846146,38.0
1788697535,20,,Aggregated,0.000000,0.000000,1800,1800,1900,1900,1900,1900,1900,1900,1900,1900,1900,6,0,1700,1616.8112706509419,1077.9164999257773,1882.9174999846146,38.0
1788697536,20,,Aggregated,0.000000,0.000000,1800,1800,1900,1900,1900,1900,1900,1900,1900,1900,1900,6,0,1700,1616.8112706509419,1077.9164999257773,1882.9174999846146,38.0
1788697537,20,,Aggregated,1.500000,0.000000,1900,4100,4200,4200,4200,4200,4200,4200,4200,4200,4200,10,0,1900,2638.2516539888456,1077.9164999257773,4210.778707987629,38.0
1788697538,20,,Aggregated,1.500000,0.000000,1900,4100,4200,4200,4200,4200,4200,4200,4200,4200,4200,10,0,1900,2638.2516539888456,1077.9164999257773,4210.778707987629,38.0
1788697539,20,,Aggregated,1.500000,0.000000,1900,4100,4200,4200,4200,4200,4200,4200,4200,4200,4200,10,0,1900,2638.2516539888456,1077.9164999257773,4210.778707987629,38.0
1788697540,20,,Aggregated,1.428571,0.000000,1900,4200,4200,4200,4200,7900,7900,7900,7900,7900,7900,11,0,1900,3113.311507358131,1077.9164999257773,7863.9100410509855,72.45454545454545
1788697541,20,,Aggregated,1.428571,0.000000,1900,4200,4200,4200,4200,7900,7900,7900,7900,7900,7900,11,0,1900,3113.311507358131,1077.9164999257773,7863.9100410509855,72.45454545454545
1788697542,20,,Aggregated,1.428571,0.000000,1900,4200,4200,4200,4200,7900,7900,7900,7900,7900,7900,11,0,1900,3113.311507358131,1077.9164999257773,7863.9100410509855,72.45454545454545
1788697543,20,,Aggregated,1.428571,0.000000,1900,4200,4200,4200,4200,7900,7900,7900,7900,7900,7900,11,0,1900,3113.311507358131,1077.9164999257773,7863.9100410509855,72.45454545454545
1788697544,20,,Aggregated,1.100000,0.000000,4100,4200,4200,7900,10000,10000,10000,10000,10000,10000,10000,13,0,4100,4237.032768988194,1077.9164999257773,10437.117874971591,125.46153846153847
1788697545,20,,Aggregated,1.100000,0.000000,4100,4200,4200,7900,10000,10000,10000,10000,10000,10000,10000,13,0,4100,4237.032768988194,1077.9164999257773,10437.117874971591,125.46153846153847
1788697546,20,,Aggregated,1.100000,0.000000,4100,4200,4200,7900,10000,10000,10000,10000,10000,10000,10000,13,0,4100,4237.032768988194,1077.9164999257773,10437.117874971591,125.46153846153847
1788697547,20,,Aggregated,0.700000,0.000000,4200,7900,10000,10000,13000,13000,13000,13000,13000,13000,13000,16,0,4200,5920.4394580519875,1077.9164999257773,13373.065207968466,132.75
1788697548,20,,Aggregated,0.700000,0.000000,4200,7900,10000,10000,13000,13000,13000,13000,13000,13000,13000,16,0,4200,5920.4394580519875,1077.9164999257773,13373.065207968466,132.75
1788697549,20,,Aggregated,0.700000,0.000000,7900,13000,13000,14000,14000,15000,15000,15000,15000,15000,15000,21,0,7900,7961.849233950488,1077.9164999257773,15175.732500036247,128.23809523809524
1788697550,20,,Aggregated,0.600000,0.000000,7900,13000,14000,15000,15000,16000,16000,16000,16000,16000,16000,31,5,7900,8016.119337313989,304.310540901497,16361.017791903578,105.2258064516129
1788697551,20,,Aggregated,0.600000,0.000000,7900,13000,14000,15000,15000,16000,16000,16000,16000,16000,16000,31,5,7900,8016.119337313989,304.310540901497,16361.017791903578,105.2258064516129
1788697552,20,,Aggregated,1.100000,0.000000,7900,13000,14000,15000,15000,16000,16000,16000,16000,16000,16000,32,6,4200,7773.225407494465,243.513583089225,16361.017791903578,101.9375
1788697553,20,,Aggregated,2.000000,0.500000,4200,13000,14000,15000,15000,16000,16000,16000,16000,16000,16000,33,7,4200,7545.371390117163,243.513583089225,16361.017791903578,98.84848484848484
1788697554,20,,Aggregated,2.000000,0.500000,4200,13000,14000,15000,16000,17000,18000,18000,18000,18000,18000,41,12,4200,7340.15379775395,21.05354191735387,17514.648667071015,837.8536585365854
1788697555,20,,Aggregated,2.100000,0.600000,4200,13000,14000,15000,16000,17000,18000,18000,18000,18000,18000,43,14,4200,7002.634360460391,21.05354191735387,17514.648667071015,1080.3255813953488
1788697556,20,,Aggregated,2.000000,0.700000,1900,13000,14000,15000,16000,17000,18000,18000,18000,18000,18000,47,18,1900,6413.850417551386,21.05354191735387,17514.648667071015,1494.5106382978724
1788697557,20,,Aggregated,2.900000,1.300000,1900,10000,14000,15000,16000,17000,18000,18000,18000,18000,18000,50,21,1800,6034.529005817603,21.05354191735387,17514.648667071015,1764.4
1788697558,20,,Aggregated,3.000000,1.400000,1700,7900,13000,14000,16000,17000,17000,18000,18000,18000,18000,54,25,1400,5594.336307849045,21.05354191735387,17514.648667071015,2078.277777777778
1788697559,20,,Aggregated,3.300000,1.800000,1400,4200,13000,14000,16000,17000,17000,18000,18000,18000,18000,56,27,1100,5398.282681533601,21.05354191735387,17514.648667071015,2216.25
1788697560,20,,Aggregated,3.500000,2.200000,360,4200,13000,14000,15000,16000,17000,18000,18000,18000,18000,61,32,360,4966.378117474483,21.05354191735387,17514.648667071015,2431.377049180328
1788697561,20,,Aggregated,3.300000,2.500000,650,4200,13000,15000,17000,18000,21000,24000,24000,24000,24000,69,36,650,5562.370406392881,21.05354191735387,24392.56370801013,2426.1884057971015
1788697562,20,,Aggregated,3.600000,2.800000,300,4100,13000,14000,16000,18000,21000,24000,24000,24000,24000,77,44,300,4994.06280519604,21.05354191735387,24392.56370801013,2722.220779220779
1788697563,20,,Aggregated,3.000000,2.700000,240,1900,10000,14000,16000,17000,21000,24000,24000,24000,24000,85,52,240,4531.411465673762,21.05354191735387,24392.56370801013,3036.5529411764705
1788697564,20,,Aggregated,3.800000,3.100000,240,1900,13000,15000,16000,18000,18000,21000,24000,24000,24000,104,63,120,4990.044446312822,21.05354191735387,24392.56370801013,3084.144230769231
1788697565,20,,Aggregated,4.500000,3.800000,99,1700,10000,14000,16000,18000,18000,21000,24000,24000,24000,113,72,99,4597.677384979149,21.05354191735387,24392.56370801013,3321.026548672566
1788697566,20,,Aggregated,5.200000,4.500000,96,330,4200,13000,16000,18000,18000,21000,24000,24000,24000,130,89,95,4009.580613803477,21.05354191735387,24392.56370801013,3668.5923076923077
1788697567,20,,Aggregated,6.400000,5.200000,96,260,1900,10000,16000,17000,18000,21000,24000,24000,24000,146,105,95,3581.358818221703,21.05354191735387,24392.56370801013,3918.1301369863013
1788697568,20,,Aggregated,7.100000,5.900000,91,180,1100,4200,16000,17000,18000,21000,24000,24000,24000,162,121,91,3236.006777773807,21.05354191735387,24392.56370801013,4124.598765432099
1788697569,20,,Aggregated,8.400000,7.200000,91,120,330,1900,16000,17000,18000,21000,24000,24000,24000,177,136,91,2969.5818036515793,21.05354191735387,24392.56370801013,4283.649717514124
1788697570,20,,Aggregated,9.500000,8.300000,91,110,300,1800,15000,17000,18000,21000,24000,24000,24000,189,148,91,2786.9988502805227,21.05354191735387,24392.56370801013,4390.534391534392
1788697571,20,,Aggregated,10.800000,9.600000,91,110,250,1100,15000,16000,18000,18000,24000,24000,24000,203,162,91,2600.647743409981,21.05354191735387,24392.56370801013,4496.852216748768
1788697572,20,,Aggregated,12.000000,10.800000,90,110,190,360,15000,16000,18000,18000,24000,24000,24000,219,178,90,2417.2246417325186,21.05354191735387,24392.56370801013,4608.200913242009
1788697573,20,,Aggregated,13.000000,11.800000,89,110,170,300,14000,16000,18000,18000,24000,24000,24000,233,192,89,2277.7330309283507,21.05354191735387,24392.56370801013,4691.416309012876
1788697574,20,,Aggregated,13.500000,12.700000,90,100,150,260,14000,16000,18000,18000,24000,24000,24000,248,207,89,2145.721328448534,21.05354191735387,24392.56370801013,4768.794354838709
1788697575,20,,Aggregated,14.200000,13.400000,88,100,130,220,13000,16000,18000,18000,24000,24000,24000,266,225,88,2005.8252697178561,21.05354191735387,24392.56370801013,4852.022556390977
1788697576,20,,Aggregated,14.800000,14.000000,87,100,120,180,13000,16000,18000,18000,24000,24000,24000,278,237,87,1922.6801393804033,21.05354191735387,24392.56370801013,4897.63309352518
1788697577,20,,Aggregated,14.300000,14.300000,86,99,110,170,10000,16000,18000,18000,24000,24000,24000,297,256,86,1804.9810869754087,21.05354191735387,24392.56370801013,4969.79797979798
1788697578,20,,Aggregated,15.200000,15.200000,86,99,110,160,7900,16000,18000,18000,24000,24000,24000,310,269,85,1732.580098515046,21.05354191735387,24392.56370801013,5011.112903225807
1788697579,20,,Aggregated,14.700000,14.700000,86,99,110,140,4200,16000,18000,18000,24000,24000,24000,326,285,85,1652.5054253549229,21.05354191735387,24392.56370801013,5059.733128834356
1788697580,20,,Aggregated,15.100000,15.100000,85,98,110,140,4100,16000,18000,18000,24000,24000,24000,341,300,85,1583.4018439668998,21.05354191735387,24392.56370801013,5097.8797653958945
1788697581,20,,Aggregated,14.800000,14.800000,85,98,110,130,1900,16000,17000,18000,24000,24000,24000,355,314,85,1524.3084921432712,21.05354191735387,24392.56370801013,5130.039436619718
1788697583,20,,Aggregated,15.000000,15.000000,85,96,100,120,1900,15000,17000,18000,24000,24000,24000,370,329,85,1465.767268140838,21.05354191735387,24392.56370801013,5166.608108108108
1788697584,20,,Aggregated,15.000000,15.000000,85,96,100,110,1700,15000,17000,18000,24000,24000,24000,384,343,85,1415.1818201077429,21.05354191735387,24392.56370801013,5196.9140625
1788697585,20,,Aggregated,15.100000,15.100000,85,96,100,120,1400,15000,17000,18000,24000,24000,24000,391,350,85,1392.0738011672427,21.05354191735387,24392.56370801013,5210.636828644501
1788697586,20,,Aggregated,15.100000,15.100000,85,98,110,130,1400,15000,17000,18000,24000,24000,24000,399,351,85,1382.4925688352146,21.05354191735387,24392.56370801013,5126.731829573935
1788697587,20,,Aggregated,15.100000,15.100000,85,99,110,150,1400,15000,17000,18000,24000,24000,24000,406,352,85,1376.7945862219215,21.05354191735387,24392.56370801013,5060.317733990148
1788697588,20,,Aggregated,13.300000,12.600000,87,100,120,180,1500,15000,17000,18000,24000,24000,24000,416,352,86,1373.1011176015063,21.05354191735387,24392.56370801013,4952.463942307692
1788697589,20,,Aggregated,13.300000,12.600000,87,100,120,190,1500,15000,17000,18000,24000,24000,24000,420,352,87,1373.6623186629176,21.05354191735387,24392.56370801013,4912.1261904761905
1788697590,20,,Aggregated,12.800000,11.500000,87,100,140,250,1500,15000,17000,18000,24000,24000,24000,428,352,87,1370.2094835614369,21.05354191735387,24392.56370801013,4833.72429906542
1788697591,20,,Aggregated,11.800000,9.600000,87,100,150,300,1500,15000,17000,18000,24000,24000,24000,433,352,87,1368.1820699731081,21.05354191735387,24392.56370801013,4787.863741339492
